<?xml version="1.0" encoding="UTF-8"?>
<project-private xmlns="http://www.netbeans.org/ns/project-private/1">
    <editor-bookmarks xmlns="http://www.netbeans.org/ns/editor-bookmarks/2" lastBookmarkId="0"/>
    <open-files xmlns="http://www.netbeans.org/ns/projectui-open-files/2">
        <group name="Examen2aEv">
            <file>file:/C:/Users/VicenteMartínez/OneDrive%20-%20iesdoctorbalmis.com/Documentos/NetBeansProjects/Examen2aEv/BDUsuariosServidor/src/psp/examenjunio/BDUsuariosServidor.java</file>
        </group>
        <group>
            <file>file:/C:/Users/alumno/Documents/NetBeansProjects/BDUsuariosServidor/src/psp/examenjunio/Worker.java</file>
            <file>file:/C:/Users/alumno/Documents/NetBeansProjects/BDUsuariosServidor/src/psp/examenjunio/BDUsuariosServidor.java</file>
        </group>
    </open-files>
</project-private>
